Line,Spanish,Old_English,New_English,Cultural_Context,Example_Sentence,Colombian_Notes
18,Alargué mi viaje un día más me voy el viernes,I'm going...,I extended my trip one more day I'm leaving on Friday,"Common phrase when travel plans change. 'Alargar' means to extend/prolong. Colombians often give specific details about departure days.",Me gustó tanto Cartagena que alargué mi viaje - la ciudad me enamoró.,"Used in romantic contexts when someone extends their stay to spend more time with someone special. The incomplete Spanish suggests 'viernes' (Friday)."
32,Con solo mirarte se me olvida hasta mi nombre,I (accidentally)...,Just by looking at you I forget even my own name,"Romantic pick-up line using the 'se me' construction to express involuntary action. Very Colombian flirting style - poetic and exaggerated.",Con solo mirarte se me olvida hasta mi nombre - eres tan hermosa que me tienes hipnotizado.,"Classic Colombian romantic expression. 'Se me olvida' = it slips my mind (unintentional). Used when someone's beauty is so captivating it's disorienting."
45,Eres como Cartagena hermosa y me quiero perder en ti,I want...,You're like Cartagena beautiful and I want to get lost in you,"Romantic metaphor comparing person to Cartagena, Colombia's most romantic city. 'Perderme' = get lost/lose myself. Strong romantic/sexual innuendo.",Eres como Cartagena hermosa y me quiero perder en ti toda la noche.,"Poetic Colombian flirting. Cartagena = romance/beauty. 'Perderme en ti' has dual meaning: explore you deeply OR get lost in passion. Very sensual."
60,Estoy practicando español ahora hasta que sea fluido,I am...,I'm practicing Spanish now until I become fluent,"Shows commitment to language learning. 'Hasta que' + subjunctive expresses future goal. Often used in dating contexts to impress Colombian partner.",Estoy practicando español ahora hasta que sea fluido - quiero poder expresarte todo lo que siento.,"Romantic angle: learning Spanish to communicate better with romantic interest. 'Fluido' = fluent. Shows dedication and cultural appreciation."
61,Estoy prendido suave todo bien,I am...,I'm turned on gently everything's good,"'Prendido' = turned on/aroused (lit: turned on like a light). 'Suave' softens it. Colombian way of expressing attraction casually without being too aggressive.",Estoy prendido suave todo bien - me gustas pero vamos tranquilos.,"Colombian slang for aroused but keeping it chill. 'Prendido' can mean drunk OR sexually excited. Context matters. 'Suave' = smooth/gentle/easy."
62,Estoy tragado,I am...,I'm deeply infatuated / I'm fallen hard,"'Tragado' (lit: swallowed) = completely smitten/head over heels. Very Colombian slang. More intense than 'enamorado'. Implies loss of control.",Estoy tragado de ti - no puedo dejar de pensar en ti ni un segundo.,"Strong Colombian expression for intense infatuation. 'Tragado' suggests being consumed by feelings. Used when attraction is overwhelming and obvious."
63,Gracias pero esta vez paso,Thanks...,Thanks but I'll pass this time,"Polite decline using 'pasar' = to pass/skip. Colombian indirect communication style - softening rejection with gratitude.",Gracias pero esta vez paso - no me siento bien hoy. Mejor otro día.,"Colombian politeness: thank first, then decline. 'Esta vez' leaves door open for future. Used for declining dates, drinks, activities."
64,Gracias por confiar en mí,Thanks...,Thanks for trusting me,"Expression of gratitude for emotional intimacy. Trust is highly valued in Colombian relationships. Often used after someone shares something personal.",Gracias por confiar en mí y contarme lo que te pasó - estoy aquí para ti.,"Important in building romantic intimacy. Colombians value confianza (trust) deeply. Used when partner opens up emotionally or physically."
65,Gracias por cuidarme por estar pendiente,Thanks...,Thanks for taking care of me for being attentive,"'Cuidar' = take care. 'Estar pendiente' = be attentive/aware. Colombian relationships emphasize caregiving and attentiveness.",Gracias por cuidarme por estar pendiente - eres muy especial para mí.,"'Estar pendiente' is key Colombian value in relationships - being aware of partner's needs. Shows appreciation for emotional labor."
66,Gracias por decirme cómo te sientes,Thanks...,Thanks for telling me how you feel,"Appreciation for emotional honesty. Colombian culture can be indirect, so directly expressing feelings is valued and acknowledged.",Gracias por decirme cómo te sientes - me ayuda a entenderte mejor.,"Encourages emotional vulnerability. Important in Colombian dating where indirect communication is common. Values openness."
67,Gracias por existir,Thanks...,Thanks for existing,"Romantic expression of gratitude for partner's mere existence. Very Colombian romantic style - poetic and emotionally expressive.",Gracias por existir mi amor - mi vida es mejor desde que te conocí.,"Deep romantic sentiment. Colombian culture embraces dramatic romantic expressions. Used to express that someone's presence makes life meaningful."
68,Gracias por todo eres un gran ser humano,Thanks...,Thanks for everything you're a great human being,"Wholesome appreciation recognizing someone's character. 'Ser humano' emphasizes their humanity and goodness beyond romantic interest.",Gracias por todo eres un gran ser humano - valoro mucho tu amistad y tu corazón.,"Can be romantic or platonic. Colombian way of recognizing someone's inherent worth. 'Gran ser humano' = great person at their core."
69,Gracias por tu mensaje tan lindo mi amor,Thanks...,Thanks for your beautiful message my love,"Affectionate response to sweet text. 'Lindo' = beautiful/sweet. 'Mi amor' is common term of endearment even in casual Colombian dating.",Gracias por tu mensaje tan lindo mi amor - me alegró el día.,"Colombians are expressive via text. 'Mi amor' used early in dating. 'Lindo' shows appreciation for thoughtfulness. Text culture is strong."
70,Gracias por tu tiempo y tu cariño,Thanks...,Thanks for your time and your affection,"Acknowledges both practical (time) and emotional (affection) investment. 'Cariño' = affection/care. Colombian relationships value quality time.",Gracias por tu tiempo y tu cariño - sé que estás ocupado y valoro que hagas espacio para mí.,"'Cariño' is lighter than 'amor' but deeper than 'gusto'. Recognizes that time is love language. Colombian dating values presence."
72,Hoy estoy cansadito te parece si dejamos para otro día,How about we...,Today I'm a bit tired how about we leave it for another day,"Gentle proposal to reschedule. 'Cansadito' (diminutive) softens 'tired'. 'Te parece si' = how about if - Colombian polite suggestion style.",Hoy estoy cansadito te parece si dejamos para otro día - quiero estar con energía para ti.,"Colombian indirect communication: diminutive softens. 'Te parece si' shows consideration. Not canceling, postponing thoughtfully."
73,Hoy estoy tragado de ti,I am...,Today I'm deeply infatuated with you,"Intense expression using 'tragado' = swallowed up by feelings. Emphasizing current state with 'hoy'. Playful way to express strong attraction.",Hoy estoy tragado de ti - no sé qué me hiciste pero no puedo concentrarme en nada más.,"'Tragado' stronger than enamorado. Colombian slang for can't stop thinking about someone. Often used playfully to show vulnerability."
75,Hoy te voy a castigar,I'm going to...,Today I'm going to punish you,"Sexual/playful threat. 'Castigar' = punish. Used flirtatiously in intimate contexts. Tone and relationship context determine if playful or serious.",Hoy te voy a castigar por hacerme esperar tanto - ya vas a ver.,"Sexually playful Colombian expression. 'Castigar' implies playful dominance. Used in established intimate relationships with consent and flirting."
76,La pasé muy bien gracias,Very good...,I had a really good time thanks,"Post-date appreciation. 'Pasarla bien' = have a good time. Colombian politeness: acknowledge experience and show gratitude.",La pasé muy bien gracias - me encantó conocerte mejor.,"Standard Colombian post-date message. Shows appreciation and interest. Sets up potential for next date. 'La pasé' = the time I spent."
77,Lo puedo cambiar si no me queda,I can...,I can exchange it if it doesn't fit me,"Shopping phrase but used metaphorically in dating = flexibility. 'Quedar' = fit. Shows adaptability and openness to change.",Lo puedo cambiar si no me queda - no te preocupes estoy flexible con los planes.,"Practical phrase about clothing but shows Colombian flexibility. Can be metaphor for relationship willingness to adjust/accommodate."
80,Me gusta cómo suena tu español quiero aprender más,I want...,I like how your Spanish sounds I want to learn more,"Flirty compliment about language. Shows interest in partner's culture/language. 'Suena' = sounds. Colombian appreciation for linguistic effort.",Me gusta cómo suena tu español quiero aprender más - enséñame las cosas románticas.,"Language as intimacy tool. Colombians appreciate foreigners learning Spanish. 'Enséñame' = teach me - creates connection opportunity."
81,Me lo puedo medir,I can...,I can try it on,"Shopping phrase: try on clothing. 'Medir' = measure/try on. Could have playful double meaning in intimate contexts.",Me lo puedo medir - a ver si me queda bien.,"Retail context primarily. Colombian shopping culture involves trying things on. Can be used playfully about other things 'fitting'."
86,Me voy a venir,I'm going to...,I'm going to come / I'm going to orgasm,"Sexual euphemism. 'Venirse' = to come (orgasm). Direct but common in intimate Colombian conversations. Used during sex or sexting.",Me voy a venir - sigue así no pares.,"Sexual expression. 'Venirse' standard Colombian term for orgasm. Used by all genders. Direct sexual communication during intimacy."
88,Mucho gusto soy Boris,Mucho gusto soy Boris...,Nice to meet you I'm Boris,"Standard introduction. 'Mucho gusto' = pleased to meet you. Template for introducing yourself in Colombian social contexts.",Mucho gusto soy Boris - encantado de conocerte.,"Basic Colombian introduction formula. 'Mucho gusto' essential polite phrase. Name follows. Can add profession or context after."
90,No estoy lista/listo,I am...,I'm not ready,"Boundary-setting phrase. Gender-marked adjective (lista/listo). Used for emotional or physical intimacy. Colombian directness about readiness.",No estoy lista para tener relaciones todavía - necesito más tiempo.,"Important consent phrase. Colombians respect stated boundaries. Can refer to emotional commitment or physical intimacy. Clear communication."
92,No puedo ahora pero más tarde sí,I can...,I can't right now but later yes,"Soft decline with future promise. Colombian communication: not rejecting, just timing issue. Shows continued interest.",No puedo ahora pero más tarde sí - déjame terminar esto y te llamo.,"Keeps door open. Colombian politeness: offer alternative. Shows willingness just bad timing. Maintains connection."
93,No puedo dejar de pensar en ti,I can...,I can't stop thinking about you,"Romantic confession. 'Dejar de' = stop doing something. Classic expression of preoccupation with romantic interest.",No puedo dejar de pensar en ti - estás en mi mente todo el día.,"Universal romantic expression, very common in Colombian flirting. Shows emotional investment. Can be early in dating or established relationship."
94,No puedo resistirme a ti,I can...,I can't resist you,"Admission of attraction/desire. 'Resistirse' = resist. Sexual/romantic tension acknowledgment. Shows vulnerability to attraction.",No puedo resistirme a ti - me vuelves loco cuando me miras así.,"Sexually charged confession. Colombians are expressive about desire. Acknowledges power of attraction. Used in intimate contexts."
95,No quiero que te preocupes por mí estoy bien,I am...,I don't want you to worry about me I'm fine,"Reassurance phrase. 'Preocuparse' = worry. Shows care while maintaining independence. Colombian emotional communication.",No quiero que te preocupes por mí estoy bien - solo necesito descansar.,"Balancing care with autonomy. Colombian relationships involve checking in. Reassures partner while setting boundary about being okay."
96,No soy fotógrafo pero puedo imaginarnos juntos,I can...,I'm not a photographer but I can picture us together,"Pick-up line playing with 'imaginar' = imagine/picture. Colombian wordplay flirting. Implies visualizing romantic future together.",No soy fotógrafo pero puedo imaginarnos juntos - haríamos una pareja hermosa.,"Clever Colombian flirt line. 'Imaginarnos juntos' = picture us together/as couple. Playful way to express romantic interest."
97,No soy matemático pero tú + yo = destino,I don't/No...,I'm not a mathematician but you + me = destiny,"Mathematical pickup line. Colombian romantic humor. 'Destino' = destiny/fate. Playful but expresses belief in meant-to-be connection.",No soy matemático pero tú + yo = destino - creo que el universo nos juntó.,"Colombian cheesy romantic line. Math = logic, destiny = fate. Combines rational and romantic. Shows interest through humor."
98,No tengo sueño,I have...,I don't have sleep / I'm not sleepy,"Statement about not being tired. Used late at night implying wanting to stay up - with someone or alone. Context determines meaning.",No tengo sueño - podemos seguir hablando si quieres.,"Late night phrase. Can be intimate suggestion (not ready to sleep/end evening) or just literal. Colombians stay up late socializing."
113,Perdón por no responder antes,Sorry...,Sorry for not responding sooner,"Colombian apology for delayed response. Texting culture values timely replies. Shows respect and acknowledges delay.",Perdón por no responder antes - estaba en una reunión.,"Text etiquette apology. Colombians are responsive texters. Explaining delay shows consideration. Maintains connection."
114,Perdón si te hice sentir mal,Sorry...,Sorry if I made you feel bad,"Apology for emotional impact. 'Hacer sentir' = make feel. Colombian emotional awareness and accountability in relationships.",Perdón si te hice sentir mal - no era mi intención lastimarte.,"Emotional intelligence in Colombian relationships. Taking responsibility for impact even if intention was good. Repair attempt."
115,Puedo llamarte un momentico,I can...,Can I call you for a quick moment,"Request to call briefly. 'Momentico' = little moment (Colombian diminutive). Shows respect for their time while wanting voice connection.",Puedo llamarte un momentico - es más fácil explicarte por teléfono.,"'Momentico' very Colombian. Diminutive softens request. Values voice over text for important/complex topics. Shows consideration."
116,Puedo pagar en cuotas,I can...,Can I pay in installments,"Financial phrase about payment plans. 'Cuotas' = installments. Relevant for Colombian shopping/economic context. Shows financial planning.",Puedo pagar en cuotas - cuántas cuotas me dan para este precio.,"Common Colombian question. Economy makes installments standard. 'Cuotas' cultural financial practice. Practical dating consideration."
119,Quieres que pase por ti,Do you want me to...,Do you want me to pick you up / come get you,"Offer to pick up someone. 'Pasar por' = pass by for/pick up. Colombian dating courtesy - offering transportation shows care.",Quieres que pase por ti o nos vemos allá directamente.,"Colombian dating logistics. Offering ride shows interest and chivalry. 'Pasar por' common phrase. Safety and convenience consideration."
120,Quieres que te lleve una pastica o algo,Do you want me to...,Do you want me to bring you a pill/medicine or something,"Caring offer when partner is unwell. 'Pastica' (diminutive of pastilla) = little pill. Shows attentiveness and willingness to help.",Quieres que te lleve una pastica o algo para el dolor - puedo pasar por la farmacia.,"'Pastica' Colombian diminutive showing care. Offering medicine/help when partner sick. 'O algo' = or something - open to other needs."
121,Quieres que te pida un taxi,Do you want me to...,Do you want me to order you a taxi,"Offer to arrange transportation. Colombian care-taking in dating. Shows concern for safe travel home.",Quieres que te pida un taxi o te quedas - como prefieras.,"Safety and logistics. Colombian dating involves coordination. Uber/taxi ordering is caring gesture. Respect for independence while offering help."
122,Quiero algo serio contigo,I want...,I want something serious with you,"DTR (define relationship) phrase. 'Algo serio' = something serious/committed. Colombian directness about relationship intentions.",Quiero algo serio contigo - no estoy jugando.,"Important relationship talk. Colombians value clarity about intentions. 'Algo serio' = exclusivity/commitment. Shows readiness for relationship."
123,Quiero besarte,I want...,I want to kiss you,"Direct expression of desire to kiss. Colombian romantic boldness. Clear communication of physical attraction and intention.",Quiero besarte - puedo?,"Colombian consent culture: expressing desire then asking permission. Direct but respectful. Physical affection communication."
124,Quiero dormir contigo,I want...,I want to sleep with you,"Ambiguous - can mean literal sleeping together OR sex. 'Dormir' = sleep. Context and relationship stage determine meaning.",Quiero dormir contigo abrazados toda la noche.,"Can be innocent (cuddling) or sexual. Colombian Spanish uses 'dormir' both ways. Tone and context clarify. Intimate either way."
126,Quiero formar una familia contigo,I want...,I want to start a family with you,"Serious relationship intention. 'Formar familia' = build/start family. Colombian culture values family. Major commitment statement.",Quiero formar una familia contigo - veo un futuro a tu lado.,"Big statement in Colombian dating. Family is central value. Shows long-term serious intentions. Usually after dating established."
127,Quiero hacerte el amor,I want...,I want to make love to you,"Romantic/sexual expression. 'Hacer el amor' = make love (gentler than 'tener sexo'). Colombian preference for romantic framing of sex.",Quiero hacerte el amor despacio y con cariño.,"'Hacer el amor' more romantic than 'coger/tirar'. Colombian preference for emotional + physical. Shows tenderness with desire."
128,Quiero que estemos bien tú y yo,I want...,I want us to be good you and I,"Relationship maintenance desire. 'Estemos bien' = be okay/good together. Colombian emphasis on harmony and clear communication.",Quiero que estemos bien tú y yo - hablemos si hay algo que te molesta.,"Colombian relationship value: harmony. 'Estar bien' = good standing. Shows commitment to working through issues. Proactive peace-keeping."
129,Quiero que estemos bien y nos cuidemos,I want...,I want us to be good and take care of each other,"Mutual care desire. 'Cuidarse' = take care of each other. Colombian relationships emphasize reciprocal caregiving.",Quiero que estemos bien y nos cuidemos siempre - eres importante para mí.,"'Nos cuidemos' reciprocal care verb. Colombian relationship foundation: mutual protection and care. Emotional and physical well-being."
130,Quiero sentirte,I want...,I want to feel you,"Sensual/sexual expression. 'Sentir' = feel. Physical intimacy desire. Colombian directness about physical connection.",Quiero sentirte cerca - extraño tu piel.,"Physical/sexual desire. Colombian intimacy language. 'Sentir' multisensory: touch, presence, connection. Used in established intimate relationships."
131,Quiero un futuro contigo,I want...,I want a future with you,"Long-term commitment expression. 'Futuro' = future. Colombian seriousness about relationship progression and life partnership.",Quiero un futuro contigo - te veo en mis planes.,"Major relationship statement. Colombian dating progresses to future talk. Shows integration into life vision. Serious commitment."
132,Quiero verte pronto,I want...,I want to see you soon,"Expression of eagerness to meet. 'Pronto' = soon. Colombian enthusiasm and impatience to spend time together.",Quiero verte pronto - cuándo estás libre.,"Standard Colombian dating phrase. Shows interest and initiative. 'Pronto' creates urgency. Leads to planning next meeting."
134,Qué quieres que te haga,Do you want me to...,What do you want me to do to you,"Can be practical OR sexual. Context determines meaning. In intimate contexts = sexual invitation to express desires.",Qué quieres que te haga - dime y lo hago.,"Context-dependent. Helpful OR sexual. In intimate setting = sexual communication about preferences. Colombian openness about pleasure."
136,Se me antoja algo dulce,I (accidentally)...,I'm craving something sweet / You look sweet to me,"'Antojarse' = have craving. Literal: wanting sweet food. Metaphorical: finding person attractive/sweet. Colombian playful ambiguity.",Se me antoja algo dulce - tú.,"Double meaning: literal craving OR person as object of desire. Colombian flirty wordplay. 'Antojo' = craving. Can be innocent or flirty."
141,Se me pasa el tiempo volando contigo,I (accidentally)...,Time flies by with you,"Romantic compliment. 'Se me pasa' = it passes on me (unintentional). 'Volando' = flying. Enjoys time together so much time disappears.",Se me pasa el tiempo volando contigo - las horas parecen minutos.,"Colombian romantic expression. Time perception with good company. Shows enjoyment and connection. Quality time appreciation."
145,Si necesitas puedo pasar un ratico,I can...,If you need I can stop by for a little while,"Supportive offer to visit. 'Ratico' (Colombian diminutive) = little while. Shows availability and care without pressure.",Si necesitas puedo pasar un ratico - solo para verte y que sepas que estoy aquí.,"'Ratico' very Colombian. Shows flexibility and support. Offering presence without imposing. Caring gesture in Colombian relationships."
147,Sin ti no soy nada,Sin ti no soy nada,Without you I am nothing,"Intense romantic dependency expression. Colombian dramatic romantic style. Shows depth of feeling and importance of person.",Sin ti no soy nada mi amor - tú le das sentido a mi vida.,"Strong romantic declaration. Colombian emotional expressiveness. Can be beautiful or co-dependent depending on relationship health. Poetic tradition."
148,Soy toda/todo tuyo,Soy toda/todo tuyo,I'm all yours,"Complete devotion statement. Gender-marked (toda=f, todo=m). Sexual/romantic submission or commitment. Colombian passion expression.",Soy toda tuya mi amor - haz conmigo lo que quieras.,"Can be romantic commitment OR sexual surrender. Colombian expressiveness about belonging to partner. Intensity varies by context."
149,Soy tu paciente favorito/favorita,Soy tu paciente favoritofavori...,I'm your favorite patient,"Playful roleplay phrase. Gender-marked. Medical scenario flirting. Colombian playfulness in intimate contexts. Doctor/patient dynamic.",Soy tu paciente favorita doctora - necesito un chequeo completo.,"Sexual roleplay language. Colombian creativity in intimate play. 'Paciente' = patient. Medical scenarios common flirty theme."
151,Te escribo cuando llegue,Te escribo cuando llegue...,I'll text you when I arrive,"Promise to update upon arrival. Colombian safety check-in culture. Shows consideration and keeps partner informed.",Te escribo cuando llegue a mi casa - para que estés tranquilo.,"Colombian check-in culture. Safety and consideration. 'Escribo' = text/message. Standard after dates or travel."
152,Te escribo cuando vaya saliendo,Already/Now...,I'll text you when I'm leaving / on my way,"Promise to notify when departing. 'Vaya saliendo' = progressive going out. Colombian time coordination and communication.",Te escribo cuando vaya saliendo - así sabes cuándo llego.,"'Ir + gerund' = progressive action. Colombian coordination. Helps partner prepare/know timing. Consideration in dating."
155,Te parece si lo planificamos bien y te aviso,How about we...,How about we plan it well and I'll let you know,"Gentle proposal to organize properly. 'Te parece si' = how about if. Shows thoughtfulness and respect for planning.",Te parece si lo planificamos bien y te aviso después - quiero que todo salga perfecto.,"Colombian collaborative planning. 'Te parece si' polite suggestion. Shows care about quality of time together. Thoughtful dating."
156,Te parece si nos vemos más tardecito,How about we...,How about we meet a bit later,"Proposal to meet later. 'Tardecito' (diminutive) = bit later. Colombian diminutives soften requests and show flexibility.",Te parece si nos vemos más tardecito - como a las ocho.,"'Tardecito' Colombian softening. Shows flexibility. Not canceling, adjusting timing. Respectful scheduling negotiation."
157,Te queda bien a las siete,Does ... work for you?,Does seven work for you / Is seven good for you,"Scheduling question. 'Quedar bien' = work well/suit. Colombian dating logistics - confirming time works for both.",Te queda bien a las siete o prefieres más tarde.,"'Te queda bien' = does it suit you. Colombian consideration in planning. Offering alternative shows flexibility."
158,Te queda bien por Chapinero/El Poblado/etc,Does ... work for you?,Does Chapinero/El Poblado/etc work for you,"Location scheduling. Chapinero (Bogotá), El Poblado (Medellín) are neighborhoods. Shows geographic consideration in planning.",Te queda bien por Chapinero o quieres que nos veamos en otro lado.,"Colombian city neighborhoods. Logistics matter. Shows willingness to accommodate location preferences. Practical dating consideration."
160,Te quiero de desayuno,I want...,I want you for breakfast,"Sexual innuendo. Playful expression of desire for morning intimacy. Colombian creative food-sex metaphors.",Te quiero de desayuno almuerzo y cena.,"Sexual Colombian expression. Food = sex metaphor. Playful morning intimacy desire. 'Desayuno' = breakfast. Used in established relationships."
161,Te quiero mucho,I want...,I love you a lot / I care about you a lot,"Expression of affection. 'Querer' lighter than 'amar'. Colombian progression: me gustas → te quiero → te amo.",Te quiero mucho mi amor - eres muy especial para mí.,"'Querer' = love/want/care. Less intense than 'amar'. Colombian relationship progression middle stage. Safe serious affection."
162,Te quiero un montón,I want...,I love you a ton / I really care about you,"Emphatic affection. 'Montón' = ton/heap. Colombian informal intensifier. Shows strong caring in friendly expressive way.",Te quiero un montón - gracias por estar siempre.,"'Un montón' Colombian intensifier. More casual than 'te amo'. Shows deep affection playfully. Can be romantic or close friendship."
163,Te voy a comer a besos,I'm going to...,I'm going to eat you up with kisses,"Playful passionate promise. 'Comer' = eat. Colombian metaphor for intense affection. Shows enthusiasm for physical affection.",Te voy a comer a besos cuando te vea.,"'Comer a besos' Colombian expression. Playful intensity. Shows eagerness for physical affection. Passionate but lighthearted."
165,Tengo cólicos,I have...,I have cramps,"Period/menstrual cramps. 'Cólicos' = cramps. Colombian directness about menstruation in intimate relationships.",Tengo cólicos hoy - por eso no tengo muchas ganas de salir.,"Colombian openness about period symptoms. 'Cólicos' menstrual or stomach cramps. Used to explain low energy or canceling plans."
166,Tengo fiebre y la culpa es tuya,I have...,I have a fever and it's your fault,"Flirty blame. 'Fiebre' literal fever OR metaphorical (passion). Colombian playful accusation that attraction causes physical response.",Tengo fiebre y la culpa es tuya - me pones muy caliente.,"Double meaning: actual fever OR 'hot' from attraction. Colombian flirty accusation. 'Culpa' = fault. Playful in relationships."
167,Tengo ganas de verte cuándo te sirve,I have...,I want to see you when works for you,"Expression of desire to meet + respectful scheduling. 'Ganas' = desire/want. Colombian consideration combining eagerness with flexibility.",Tengo ganas de verte cuándo te sirve esta semana.,"'Tener ganas de' = feel like/want to. Colombian combination of enthusiasm + respect for schedule. Shows interest without pressure."
168,Tengo hambre de ti,I have...,I'm hungry for you / I hunger for you,"Sexual/romantic metaphor. 'Hambre' = hunger. Colombian passionate expression of desire using food metaphor.",Tengo hambre de ti - quiero devorarte.,"Sexual Colombian expression. Hunger = desire. 'Hambre' physical need metaphor for passion. Used in intimate established relationships."
169,Tengo hambre pero no de comida,I have...,I'm hungry but not for food,"Sexual innuendo. Clear implication: hungry for partner not food. Colombian playful indirect sexual communication.",Tengo hambre pero no de comida - tengo hambre de ti.,"Flirty Colombian expression. Obviously sexual. Creative way to express desire. Food hunger vs body hunger. Playful seduction."
171,Tengo muchas ganas de ti,I have...,I really want you / I desire you a lot,"Strong desire expression. 'Muchas ganas' = strong desire. Can be emotional OR sexual. Colombian directness about wanting someone.",Tengo muchas ganas de ti - cuándo nos vemos.,"'Tener ganas' = want/desire. Can be romantic longing OR sexual desire. Intensity shows with 'muchas'. Colombian boldness."
172,Tengo sed de ti,I have...,I'm thirsty for you / I thirst for you,"Poetic desire expression. 'Sed' = thirst. Colombian romantic metaphor. Implies intense need/craving for person.",Tengo sed de ti - necesito sentirte cerca.,"Romantic/sexual metaphor. Thirst = intense need. Colombian poetic desire language. More romantic than crude. Passionate longing."
173,Tengo un juguete nuevo,I have...,I have a new toy,"Innocent OR sexual meaning. 'Juguete' = toy. In intimate contexts = sex toy. Colombian playfulness about introducing novelty.",Tengo un juguete nuevo - quieres probarlo.,"Context determines meaning. In intimate relationship likely sex toy. Colombian openness about sexual exploration. Playful introduction."
174,Tengo un problema que solo tú puedes resolver,I have...,I have a problem that only you can solve,"Flirty dependency expression. Playful way to say someone is the solution/answer. Colombian romantic problem-solving.",Tengo un problema que solo tú puedes resolver - te necesito.,"Romantic line suggesting person is the answer/cure. Colombian dramatic romantic style. Creates importance and need. Flirty vulnerability."
175,Tengo una sorpresa para ti,I have...,I have a surprise for you,"Exciting announcement. 'Sorpresa' = surprise. Colombian enthusiasm for gifts/surprises. Creates anticipation in relationships.",Tengo una sorpresa para ti - cierra los ojos.,"Colombians love surprises. Builds excitement. Can be gift, plan, or intimate surprise. Creates romantic anticipation."
178,Todo bien Estoy pendiente,I am...,All good I'm aware / I'm on it / I'm keeping track,"Reassurance + awareness. 'Estar pendiente' = being aware/attentive. Colombian commitment to staying informed and involved.",Todo bien Estoy pendiente de cómo sigues - avísame si necesitas algo.,"'Estar pendiente' key Colombian value. Shows active attention and care. Reassures while demonstrating attentiveness. Relationship awareness."
179,Todo bien Estoy pendiente de ti,I am...,All good I'm thinking about you / I'm aware of you,"Specific attention to person. Shows active care and awareness of their situation/feelings. Colombian attentiveness in relationships.",Todo bien Estoy pendiente de ti y cómo estás - me preocupo por ti.,"'Pendiente de ti' = focused on you. Colombian care demonstration. Shows person is priority. Emotional attentiveness."
186,Voy a desconectarme un rato,I'm going to...,I'm going to disconnect for a while / take a break from my phone,"Setting boundaries around technology. 'Desconectarse' = disconnect. Colombian awareness of digital boundaries and self-care.",Voy a desconectarme un rato - necesito descansar de las pantallas.,"Digital boundary setting. Colombian balance with technology. 'Un rato' = a while. Self-care and presence over constant connectivity."
189,Voy en cinco,I'm going...,I'm coming in five / I'll be there in five,"Time estimate 'en cinco' = in five (minutes). Note: Colombian 'five minutes' often means 10-15. Flexible time culture.",Voy en cinco minutos - ya voy saliendo.,"Colombian time flexibility. 'En cinco' rarely literal. Cultural understanding that time is approximate. Shows movement toward arrival."
191,Voy tarde perdón,Sorry...,I'm running late sorry,"Common apology for lateness. Colombian time culture more flexible. Acknowledgment + apology standard communication.",Voy tarde perdón - salgo en cinco minutos.,"Colombian lateness culture. More relaxed about punctuality. Apologizing while updating on status. Standard dating communication."
198,Ya voy en camino,Already/Now...,I'm already on my way / I'm on my way now,"Update that departure happened. 'Ya' = already. Colombian communication about movement/travel. Reassures waiting person.",Ya voy en camino - llego en quince minutos.,"'Ya' indicates action started. Colombian travel updates. Helps partner track arrival. 'En camino' = in transit/on the way."
200,Yo tengo condones,I have...,I have condoms,"Practical sexual readiness. Direct communication about safe sex preparation. Colombian responsibility in sexual situations.",Yo tengo condones - no te preocupes.,"Sexual health responsibility. Colombian openness about protection. Shows preparedness and care. Consent culture awareness."
259,A mano derecha,Dude...,To the right / On the right side,"Directional phrase. 'Mano derecha' = right hand/side. Colombian direction-giving (less formal than 'a la derecha').",Sigue derecho y luego a mano derecha.,"Colombian casual directions. 'A mano derecha' more conversational than 'a la derecha'. Used in street directions and navigation."
260,A mano izquierda,Dude...,To the left / On the left side,"Directional phrase. 'Mano izquierda' = left hand/side. Colombian informal direction-giving.",Gira a mano izquierda en la próxima cuadra.,"Informal Colombian directions. 'A mano izquierda' conversational style. Practical in taxi/Uber or meeting up."
263,Aquí se descansa rumbiando,Aquí se descansa rumbiando...,Here we rest by partying / Here resting means partying,"Colombian party culture statement. 'Rumbear' = party. Playful idea that partying IS resting/relaxing in Colombian culture.",Aquí se descansa rumbiando - no conocemos otra forma de relajarnos.,"Colombian party culture. 'Rumbear' = party/dance. Cultural joke that partying is how Colombians recharge. Social life centrality."
265,Bájate aquí,Bájate aquí,Get off here / Get out here,"Direction to exit vehicle. 'Bajarse' = get down/off. Used in taxis, Ubers, buses. Practical Colombian urban phrase.",Bájate aquí que ya llegamos.,"Transport language. 'Bajarse' = exit vehicle. Colombian urban life essential. Used with taxis/Ubers when arriving at destination."
268,Dejemos las cosas aquí yo las cuido,Dejemos las cosas aquí yo las ...,Let's leave things here I'll watch them,"Offer to guard belongings. Colombian social trust and helpfulness. 'Cuidar' = take care/watch. Common at parties/events.",Dejemos las cosas aquí yo las cuido mientras bailan.,"Colombian social courtesy. Trust culture at parties. Offering to watch belongings while others dance/socialize. Practical kindness."
269,Dónde estás,Where...,Where are you,"Basic location question. Colombian coordination culture. Essential for meeting up in person.",Dónde estás - ya llegué.,"Meeting coordination essential. Colombian real-time location checking. Used constantly for meetups, dates, getting together."
270,Dónde nos encontramos,Where...,Where should we meet / Where do we meet,"Planning meeting location. Colombian collaborative planning. Deciding neutral meeting point.",Dónde nos encontramos - propones un lugar.,"Colombian meeting planning. Collaborative location decision. Shows flexibility and willingness to accommodate."
272,Dónde queda el baño,Where...,Where is the bathroom,"Essential practical question. 'Quedar' = be located. Colombian politeness in asking for facilities.",Disculpa dónde queda el baño.,"Practical necessity. 'Quedar' = be located (not 'estar'). Colombian usage for permanent locations. Bathroom is essential question."
273,Dónde queda la vuelta,Where...,Where is the spot / Where is the place,"'Vuelta' (Colombian slang) = place/spot/errand. Asking where specific location is. Very Colombian vocabulary.",Dónde queda la vuelta que me dijiste.,"'Vuelta' very Colombian = place/thing/errand. Context determines meaning. Here = location/spot. Essential urban navigation question."
275,Eres la única razón por la que me gusta venir aquí,You're the only reason I like...,You're the only reason I like coming here,"Romantic compliment. Person makes location special. Colombian way of saying someone's presence transforms ordinary to special.",Eres la única razón por la que me gusta venir aquí - sin ti este lugar no tiene sentido.,"Romantic Colombian expression. Place becomes meaningful because of person. Shows they are what matters, not location. Deep compliment."
315,Está lejos o cerquita,Está lejos o cerquita...,Is it far or close by / Is it far or nearby,"Distance inquiry. 'Cerquita' (diminutive) = close by. Colombian question before agreeing to go somewhere.",Está lejos o cerquita el restaurante.,"Practical Colombian question. 'Cerquita' diminutive of 'cerca'. Assessing distance before committing. Transport and logistics consideration."
331,Me gustas más que un día festivo con puente,I like you...,I like you more than a holiday with a long weekend,"Colombian comparison. 'Puente' = bridge (long weekend). Holidays with bridge days are beloved. Shows person > best thing.",Me gustas más que un día festivo con puente - y eso es decir mucho.,"Colombian cultural reference. Long weekends (puentes) are treasured. Comparing person to ultimate happiness. Creative compliment."
342,Nos quedamos aquí o vamos allá,Nos quedamos aquí o vamos allá...,Do we stay here or go there / Should we stay here or go there,"Location decision question. Colombian collaborative planning. Offering choice between staying vs moving.",Nos quedamos aquí o vamos allá - como prefieras.,"Colombian flexibility and collaboration. Offering partner choice. Shows consideration. Common in dates and social situations."
343,Nos sentamos aquí,Nos sentamos aquí,Let's sit here / Should we sit here,"Suggestion or decision to sit at location. Colombian collaborative or decisive depending on tone.",Nos sentamos aquí que se ve tranquilo.,"Can be suggestion or statement. Colombian collaborative space claiming. 'Aquí' = here. Used at restaurants, parks, events."
345,Nos vemos mañana cuídate mucho,See you...,See you tomorrow take care of yourself,"Goodbye with care. 'Cuidarse' = take care. Colombian affectionate farewells emphasizing wellness and care.",Nos vemos mañana cuídate mucho - descansa bien.,"Colombian caring goodbyes. 'Cuídate mucho' = take good care. Shows genuine care and affection. Standard sweet farewell."
348,Por dónde queda,Where...,Where is it / Around where is it,"Location inquiry. 'Por dónde' = around where/which area. Colombian casual direction asking.",Por dónde queda el sitio - para saber cómo llegar.,"'Por dónde' = which area/zone. Colombian navigation. Less precise than exact address. General location inquiry."
349,Prefieres que vaya yo hasta allá,Already/Now...,Do you prefer that I go there / Would you rather I come to you,"Considerate offer to travel to partner's location. Colombian flexibility and willingness to accommodate.",Prefieres que vaya yo hasta allá o te queda mejor acá.,"Colombian dating consideration. Offering to make effort to go to them. Shows flexibility and care. Transport accommodation."
355,Sigue derecho,Sigue derecho,Go straight / Continue straight,"Basic direction. 'Derecho' = straight. Essential Colombian navigation instruction.",Sigue derecho dos cuadras más.,"Navigation essential. 'Derecho' = straight ahead. Basic Colombian direction-giving. Used with taxis, giving directions, walking."
356,Sigue derecho dos cuadras,Sigue derecho dos cuadras...,Go straight two blocks,"Specific direction. 'Cuadras' = blocks. Colombian urban navigation using block counting.",Sigue derecho dos cuadras y ahí es.,"Colombian city navigation. Counting blocks ('cuadras') standard distance measure. Practical direction-giving."
357,Somos amigos con derechos,Somos amigos con derechos...,We're friends with benefits,"Relationship status definition. 'Amigos con derechos' = friends with rights/benefits. Sexual relationship without commitment.",Somos amigos con derechos - nada serio solo pasarla bien.,"Colombian term for FWB. 'Derechos' = rights/benefits (euphemism). Sexual friends without romantic commitment. Clear boundaries."
368,Todo bien todo bien,all good...,All good all good / Everything's fine everything's fine,"Repeated reassurance. Emphatic that everything is okay. Colombian communication style emphasizing peace.",Todo bien todo bien - no te preocupes por nada.,"Repetition emphasizes. Colombian reassurance style. Doubling phrase shows certainty. Calming anxious partner."
369,Todo bien tranquila,all good...,All good calm down / Everything's fine relax,"Reassurance + calming. 'Tranquila' (f) = calm/relax. Colombian soothing communication when partner is worried.",Todo bien tranquila - yo me encargo.,"Gendered calming (tranquila=f, tranquilo=m). Colombian reassurance. Shows control of situation. Reduces partner stress."
371,Voltea a la derecha,Voltea a la derecha,Turn to the right / Turn right,"Direction instruction. 'Voltear' = turn. Colombian navigation vocabulary.",Voltea a la derecha en el semáforo.,"'Voltear' Colombian for turn. More common than 'girar'. Navigation essential. Used with driving, walking, giving directions."
372,Voltea a la izquierda,Voltea a la izquierda...,Turn to the left / Turn left,"Direction instruction. 'Voltear a la izquierda' = turn left. Colombian street directions.",Voltea a la izquierda y sigue derecho.,"Colombian direction verb 'voltear' = turn. Left turn instruction. Essential urban navigation phrase."
426,Bacán,Bacán,Cool / Awesome / Great,"Colombian slang for cool/awesome. Similar to 'chévere'. Positive reaction to something good.",Ese plan suena bacán - vamos.,"'Bacán' Colombian approval slang. Similar to chévere. Shows enthusiasm and agreement. Casual positive response."
427,Bailamos,Bailamos,Let's dance / We dance / Shall we dance,"Invitation or statement about dancing. 'Bailar' = dance. Colombian party culture essential. Can be question or suggestion.",Bailamos - me encanta esta canción.,"Colombian party culture. Dancing is social essential. Can be romantic invitation or friendly suggestion. Tone matters."
428,Bailamos pegaditos,Bailamos pegaditos,Let's dance close together / We dance pressed together,"Invitation to close/intimate dancing. 'Pegaditos' (diminutive) = stuck together. Colombian romantic/sexual dancing style.",Bailamos pegaditos esta canción.,"'Pegaditos' = pressed close together. Colombian intimate dancing invitation. Romantic/sexual tension. Reggaeton culture. Physical closeness."
470,Cuál es el plato del día,Which...,What's the daily special / What's today's special,"Restaurant question. 'Plato del día' = daily special. Colombian dining culture inquiry.",Cuál es el plato del día - me sirves eso.,"Colombian restaurant culture. Daily special ('plato del día') common and often best value. Standard dining question."
481,Cómo sigues,How...,How are you doing / How are things going / How's it going,"Follow-up check-in question. 'Seguir' = continue. Colombian caring about ongoing situation/health.",Cómo sigues del dolor - ya te sientes mejor.,"Colombian follow-up care. 'Seguir' = continue/ongoing. Checking on previous concern. Shows continued care and attention."
492,De maravilla,De maravilla,Wonderful / Marvelously / Amazingly well,"Enthusiastic positive response. 'Maravilla' = marvel/wonder. Colombian expressive way to say things are going great.",Cómo estás - De maravilla gracias.,"Colombian enthusiastic positive response. More excited than just 'bien'. Shows genuine happiness or excellent state."
499,Descansar es seguir la rumba,Party...,Resting is continuing the party / To rest is to keep partying,"Colombian party culture joke. 'Rumba' = party. Playful idea that continuing to party is how to rest.",Aquí descansar es seguir la rumba - no paramos.,"Colombian party culture statement. Humorous take on rest = more partying. Social culture and stamina celebration."
566,Está chévere este lugar,Cool...,This place is cool / This place is great,"Approval of location. 'Chévere' = cool/nice. Colombian positive assessment of venue/place.",Está chévere este lugar - me gusta el ambiente.,"'Chévere' standard Colombian approval. Assessing venue positively. Used on dates to show appreciation for choice."
578,Hablas muy bonito,Hablas muy bonito,You speak very beautifully / You have a beautiful way of speaking,"Compliment on speech/communication. 'Bonito' = beautiful. Colombian appreciation for expression style.",Hablas muy bonito - me gusta cómo te expresas.,"Colombian compliment on communication. Can be literal (accent/voice) or metaphorical (way of expressing). Romantic appreciation."
627,Me calientas,Me calientas,You turn me on / You make me hot,"Sexual expression. 'Calentar' = heat up. Direct statement of sexual attraction/arousal.",Me calientas cuando me miras así.,"Colombian sexual expression. 'Calentar' = turn on/arouse. Direct communication of attraction. Used in intimate established relationships."
638,Me duele la cabeza,Me duele la cabeza,My head hurts / I have a headache,"Health complaint. 'Doler' = hurt. Standard explanation for not feeling well or declining activities.",Me duele la cabeza - mejor descansamos hoy.,"Standard health complaint. Can be literal or excuse. Colombian direct communication about physical state. Used to explain low energy."
662,Me prendiste,Me prendiste,You turned me on / You got me excited,"Sexual/romantic arousal expression. 'Prender' = turn on (like light). Colombian confession of being aroused by someone.",Me prendiste con esa foto que me mandaste.,"'Prender' = turn on/ignite. Colombian sexual arousal expression. Acknowledging attraction/excitement partner caused. Flirty and direct."
737,Otro jugo/cerveza porfa,Please (casual)...,Another juice/beer please,"Casual request for another drink. 'Porfa' = please (shortened). Colombian casual dining/bar communication.",Otro jugo porfa - tengo mucha sed.,"'Porfa' casual Colombian 'por favor'. Informal dining request. Shows comfort and casualness. Social drinking culture."
749,Pasemos el rato,Pasemos el rato,Let's hang out / Let's spend time together / Let's pass the time,"Invitation to spend casual time together. 'Pasar el rato' = hang out. Colombian relaxed socializing.",Pasemos el rato hoy - podemos ver una película.,"'Pasar el rato' = hang out casually. Colombian low-key social invitation. Not necessarily romantic, just spending time together."
827,Qué rico,What...,How delicious / How nice / How good,"Enthusiastic approval. 'Rico' = delicious/rich/nice. Colombian versatile positive exclamation for food, experiences, sensations.",Qué rico está este plato.,"'Qué rico' versatile Colombian approval. Food, experiences, sensations. Can be innocent or sexual depending on context. Enthusiastic positive."
829,Qué rico papá/mamá,What...,How good daddy/mommy / That's so good daddy/mommy,"Sexual expression. 'Papá/mamá' = daddy/mommy (sexual terms of endearment). Colombian intimate bedroom talk.",Qué rico papá sigue así.,"Sexual Colombian expression. 'Papá/mamá' used as sexy terms during intimacy. 'Qué rico' = feels so good. Bedroom communication."
830,Qué rico se siente,What...,How good it feels / That feels so good,"Sensual/sexual expression. Can be about physical sensation or experience. Colombian appreciation of feeling.",Qué rico se siente estar contigo.,"Can be romantic (being together) or sexual (physical sensation). Colombian appreciation expression. 'Sentirse' = to feel. Pleasure acknowledgment."
832,Qué significa boleta/chimba/recocha,awesome...,What does boleta/chimba/recocha mean,"Language learning question about Colombian slang. Shows curiosity about local vocabulary. Learning culture through language.",Qué significa boleta - lo escucho mucho pero no entiendo.,"Shows interest in Colombian slang. 'Boleta' = embarrassment. 'Chimba' = awesome/cool. 'Recocha' = joke/fun. Language learning cultural bridge."
854,Si besarte fuera pecado caminaría feliz al infierno,Si besarte fuera pecado camina...,If kissing you were a sin I would walk happily to hell,"Dramatic romantic line. Willing to face consequences for love. Colombian poetic romantic intensity. Religious imagery used romantically.",Si besarte fuera pecado caminaría feliz al infierno contigo.,"Colombian dramatic romantic expression. Religious culture influences romantic language. Poetic willingness to sacrifice for love. Intense passion statement."
861,Si te sientes mal avísame de una,for sure...,If you feel bad let me know right away / If you feel sick tell me immediately,"Caring instruction. 'De una' = right away/immediately. Colombian attentiveness and care when partner unwell.",Si te sientes mal avísame de una para acompañarte.,"'De una' = immediately/right away. Colombian care and responsiveness. Shows priority of partner's wellbeing. Attentive relationship behavior."
862,Si te sientes mejor hablamos esta noche,Si te sientes mejor hablamos e...,If you feel better we'll talk tonight,"Conditional plan based on health. Shows flexibility and care. Colombian consideration for partner's state.",Si te sientes mejor hablamos esta noche - si no descansa tranquilo.,"Colombian flexibility around health. Respecting recovery needs. 'Si te sientes mejor' shows care. No pressure if still unwell."
886,Súper bien,Súper bien,Super good / Really well,"Enthusiastic positive response. 'Súper' intensifies 'bien'. Colombian expressive way to say things are going very well.",Cómo estás - Súper bien gracias.,"'Súper' Colombian intensifier. More enthusiastic than just 'bien'. Shows genuine positive state. Expressive communication style."
899,Te gustaría cenar conmigo,Te gustaría cenar conmigo...,Would you like to have dinner with me,"Formal date invitation. 'Te gustaría' = would you like. Colombian polite invitation style for romantic dinner.",Te gustaría cenar conmigo el viernes - conozco un lugar bonito.,"Colombian formal date invitation. 'Cenar' = dinner. Shows serious romantic interest. Dinner date more formal than coffee/drinks."
962,Vamos a rumbear o qué,What...,Are we going to party or what / Let's go party or what,"Enthusiastic party invitation. 'Rumbear' = party. 'O qué' adds emphasis/challenge. Colombian party culture enthusiasm.",Vamos a rumbear o qué - no seas aburrido.,"'Rumbear' Colombian = party/go out dancing. 'O qué' creates playful pressure. Party culture central to social life."
1014,Tus besos me vuelven loco/loca,Tus besos me vuelven locoloca...,Your kisses drive me crazy,"Romantic/sexual compliment. 'Volver loco' = drive crazy. Colombian passionate expression about partner's effect.",Tus besos me vuelven loco - no puedo resistirme a ti.,"'Volver loco' = drive crazy/make insane. Colombian passionate romantic language. Shows overwhelming effect of partner's affection. Gender-marked adjective."
1016,Te deseo,Te deseo,I desire you / I want you,"Sexual desire expression. 'Desear' = desire. More intense than 'quiero'. Colombian direct sexual communication.",Te deseo tanto - quiero estar contigo.,"'Desear' stronger than 'querer'. Sexual/romantic desire. Colombian directness about attraction. Used in intimate contexts. Clear communication."
1017,Ven a la cama,Ven a la cama,Come to bed,"Sexual/intimate invitation. 'Cama' = bed. Direct invitation for intimacy. Colombian bedroom communication.",Ven a la cama - te estoy esperando.,"Direct sexual invitation. 'Venir a la cama' clear intimacy initiation. Colombian straightforward bedroom communication. Consent and invitation."
1045,¿Dónde puedo comprar...?,Where can I buy...?,Where can I buy...?,"Shopping question. 'Comprar' = buy. Colombian practical inquiry for purchasing items.",Dónde puedo comprar un cargador por acá.,"Standard shopping question. Colombian commercial inquiry. 'Comprar' = purchase. Practical urban navigation for needs."
1059,¿Dónde está mi...?,Where is my...?,Where is my...?,"Question about lost/misplaced personal item. Colombian common domestic/relationship question.",Dónde está mi celular - lo viste.,"Common lost item question. Colombian domestic communication. Can be playful or frustrated. Daily life interaction."
1065,Creo que...,I think that...,I think that...,"Opinion introduction. 'Creer' = believe/think. Colombian way to express thoughts/opinions politely.",Creo que deberíamos hablar sobre lo que pasó.,"Opinion softener. Colombian communication: 'creo que' less direct than stating as fact. Polite opinion expression."
1069,Pienso que...,I think that...,I think that...,"Alternative opinion introduction. 'Pensar' = think. Slightly stronger than 'creo que'. Colombian opinion expression.",Pienso que sería mejor esperar un poco.,"'Pensar' = think (more deliberate than 'creer'). Colombian opinion sharing. Shows thoughtful consideration before speaking."